{
    "High Activity": {
        "precision": 1.0,
        "recall": 0.25,
        "f1-score": 0.4,
        "support": 4.0
    },
    "Low Activity": {
        "precision": 0.9130434782608695,
        "recall": 0.9545454545454546,
        "f1-score": 0.9333333333333333,
        "support": 22.0
    },
    "Medium Activity": {
        "precision": 0.5555555555555556,
        "recall": 0.7142857142857143,
        "f1-score": 0.625,
        "support": 7.0
    },
    "accuracy": 0.8181818181818182,
    "macro avg": {
        "precision": 0.8228663446054751,
        "recall": 0.6396103896103896,
        "f1-score": 0.6527777777777778,
        "support": 33.0
    },
    "weighted avg": {
        "precision": 0.847752891231152,
        "recall": 0.8181818181818182,
        "f1-score": 0.8032828282828284,
        "support": 33.0
    }
}